policy,calibration,mae,high_pain_mae,high_pain_bias,selection_score
mean,none,0.6544373013121665,3.471292605136519,-3.471292605136519,2.390083603880426
q50,none,0.633207218503132,3.374690991338177,-3.374690991338177,2.3205527141722206
q60,none,0.6602079333196073,3.234204900867001,-3.234204900867001,2.277310383753108
q70,none,0.7071265461277539,3.009183804107032,-3.009183804107032,2.2117184481812697
q80,none,0.8227889176868834,2.8354296832408954,-2.8354296832408954,2.240503759307331
q90,none,1.112736885084581,2.755421753222269,-2.5323580214804804,2.4346818287602683
q70,isotonic,0.5926254538355624,3.3504232086321637,-3.3504232086321637,2.267837058151644
