target,class_0_label,class_1_label,p_true_low_pred_low,p_true_low_pred_high,p_true_high_pred_low,p_true_high_pred_high,count_true_low_pred_low,count_true_low_pred_high,count_true_high_pred_low,count_true_high_pred_high,auc,accuracy,precision,recall,specificity,fpr,f1,log_loss,brier
POD2_RestPain,Class 0 (0-3),Class 1 (4-10),0.9924385633270322,0.007561436672967864,1.0,0.0,525,4,4,0,0.6039697542533081,0.9849906191369606,0.0,0.0,0.9924385633270322,0.007561436672967864,0.0,0.25594334954544573,0.07062075396004278
POD2_MovementPain,Class 0 (0-3),Class 1 (4-10),0.898635477582846,0.10136452241715399,0.8,0.2,461,52,16,4,0.5724171539961014,0.8724202626641651,0.07142857142857142,0.2,0.898635477582846,0.10136452241715399,0.10526315789473682,0.7269133716336593,0.2579504081080236
POD2_SedationScore,Class 0 (1-2),Class 1 (3-5),0.9906015037593985,0.009398496240601503,0.5,0.5,527,5,1,1,0.5648496240601504,0.9887640449438202,0.16666666666666666,0.5,0.9906015037593985,0.009398496240601503,0.25,0.06070540018819392,0.007656153549652731
POD2_ActivityStatus,Class 0 (1-2),Class 1 (3-4),0.8994708994708994,0.10052910052910052,0.34202898550724636,0.6579710144927536,170,19,118,227,0.8345372287401273,0.7434456928838952,0.9227642276422764,0.6579710144927536,0.8994708994708994,0.10052910052910052,0.7681895093062606,0.5172074389825942,0.16578237369504864
POD2_NauseaVomiting,Class 0 (0-1),Class 1 (2-3),0.9753787878787878,0.02462121212121212,1.0,0.0,515,13,5,0,0.7098484848484848,0.9662288930581614,0.0,0.0,0.9753787878787878,0.02462121212121212,0.0,0.13276237963538956,0.03302501987260553
