target,class_0_label,class_1_label,auc,accuracy,precision,recall,specificity,fpr,f1,log_loss,brier,tn,fp,fn,tp,n_total_non_missing,n_train,n_val,n_test,chosen_threshold,train_loss,p_true_low_pred_low,p_true_low_pred_high,p_true_high_pred_low,p_true_high_pred_high
POD2_RestPain,Class 0 (0-3),Class 1 (4-10),0.6039697542533081,0.9849906191369606,0.0,0.0,0.9924385633270322,0.007561436672967864,0.0,0.25594334954544573,0.07062075396004278,525,4,4,0,2666,2133,426,533,0.9299999999999999,0.2508993489957296,0.9924385633270322,0.007561436672967864,1.0,0.0
POD2_MovementPain,Class 0 (0-3),Class 1 (4-10),0.5724171539961014,0.8724202626641651,0.07142857142857142,0.2,0.898635477582846,0.10136452241715399,0.10526315789473682,0.7269133716336593,0.2579504081080236,461,52,16,4,2667,2134,427,533,0.7899999999999999,0.5520153148110001,0.898635477582846,0.10136452241715399,0.8,0.2
POD2_SedationScore,Class 0 (1-2),Class 1 (3-5),0.5648496240601504,0.9887640449438202,0.16666666666666666,0.5,0.9906015037593985,0.009398496240601503,0.25,0.06070540018819392,0.007656153549652731,527,5,1,1,2667,2133,426,534,0.42999999999999994,0.041577329117919185,0.9906015037593985,0.009398496240601503,0.5,0.5
POD2_ActivityStatus,Class 0 (1-2),Class 1 (3-4),0.8345372287401273,0.7434456928838952,0.9227642276422764,0.6579710144927536,0.8994708994708994,0.10052910052910052,0.7681895093062606,0.5172074389825942,0.16578237369504864,170,19,118,227,2667,2133,427,534,0.6499999999999999,0.4408862003886716,0.8994708994708994,0.10052910052910052,0.34202898550724636,0.6579710144927536
POD2_NauseaVomiting,Class 0 (0-1),Class 1 (2-3),0.7098484848484848,0.9662288930581614,0.0,0.0,0.9753787878787878,0.02462121212121212,0.0,0.13276237963538956,0.03302501987260553,515,13,5,0,2667,2134,426,533,0.59,0.1689210429851964,0.9753787878787878,0.02462121212121212,1.0,0.0
