target,class_0_label,class_1_label,auc,accuracy,precision,recall,specificity,fpr,f1,log_loss,brier,tn,fp,fn,tp,n_total_non_missing,n_train,n_val,n_test,chosen_threshold,train_loss,p_true_low_pred_low,p_true_low_pred_high,p_true_high_pred_low,p_true_high_pred_high
POD1_RestPain,Class 0 (0-3),Class 1 (4-10),0.7653256704980843,0.9738805970149254,0.5,0.21428571428571427,0.9942528735632183,0.005747126436781609,0.3,1.178868652369229,0.44139558158345943,519,3,11,3,2679,2143,428,536,0.94,0.48576906974506534,0.9942528735632183,0.005747126436781609,0.7857142857142857,0.21428571428571427
POD1_MovementPain,Class 0 (0-3),Class 1 (4-10),0.6260359814028704,0.7742537313432836,0.16346153846153846,0.3333333333333333,0.8206185567010309,0.17938144329896907,0.21935483870967742,1.8736302872247095,0.6113161430746186,398,87,34,17,2679,2143,429,536,0.945,0.2584526380502306,0.8206185567010309,0.17938144329896907,0.6666666666666666,0.3333333333333333
POD1_SedationScore,Class 0 (1-2),Class 1 (3-5),0.864030131826742,0.9888059701492538,0.0,0.0,0.9981167608286252,0.0018832391713747645,0.0,0.08846019495765425,0.02210889727817263,530,1,5,0,2679,2143,429,536,0.7699999999999999,0.1558639435909795,0.9981167608286252,0.0018832391713747645,1.0,0.0
POD1_ActivityStatus,Class 0 (1-2),Class 1 (3-4),0.8433473389355742,0.8563432835820896,0.934640522875817,0.9012605042016807,0.5,0.5,0.9176470588235294,0.5084081885681945,0.1646855555090909,30,30,47,429,2678,2142,428,536,0.285,0.4431237140320547,0.5,0.5,0.09873949579831932,0.9012605042016807
POD1_NauseaVomiting,Class 0 (0-1),Class 1 (2-3),0.6831730769230769,0.9272388059701493,0.12903225806451613,0.25,0.948076923076923,0.051923076923076926,0.1702127659574468,0.2978734069751615,0.0837899281410731,493,27,12,4,2680,2144,429,536,0.57,0.3906589468888287,0.948076923076923,0.051923076923076926,0.75,0.25
