value,count,ratio
2.0,1931,0.718110821866865
3.0,422,0.1569356638155448
1.0,326,0.12123465972480477
4.0,10,0.003718854592785422
