value,count,ratio
0,1654,0.6150985496467088
1,1035,0.3849014503532912
