value,count,ratio
0,2663,0.9903309780587579
1,26,0.009669021941242098
