value,count,ratio
0,2515,0.9352919300855337
1,174,0.06470806991446634
