value,count,ratio
0,2604,0.9683897359613239
1,85,0.03161026403867609
