value,count,ratio
0,2498,0.9289698772777985
1,191,0.07103012272220156
