value,count,ratio
0,2674,0.9944217181108219
1,15,0.005578281889178133
