value,count,ratio
1,2279,0.8475269616957977
0,410,0.1524730383042023
