value,count,ratio
0,2650,0.9854964670881369
1,39,0.014503532911863145
