value,count,ratio
0,2678,0.995909259947936
1,11,0.004090740052063964
