value,count,ratio
0,1994,0.7415396058014132
1,695,0.25846039419858685
