value,count,ratio
0,2684,0.9981405727036073
1,5,0.001859427296392711
