value,count,ratio
1,2019,0.7508367422833767
0,670,0.2491632577166233
