value,count,ratio
1,2272,0.8449237634808479
0,417,0.1550762365191521
