value,count,ratio
0,2011,0.7478616586091483
1,678,0.2521383413908516
