value,count,ratio
0,2676,0.995165489029379
1,13,0.004834510970621049
