value,count,ratio
0,2529,0.9404983265154332
1,160,0.05950167348456675
