value,count,ratio
0.0,1973,0.7337300111565638
50.0,189,0.07028635180364448
75.0,135,0.050204537002603196
133.0,55,0.020453700260319823
100.0,41,0.015247303830420231
40.0,37,0.013759761993306061
80.0,37,0.013759761993306061
60.0,26,0.009669021941242098
170.5,20,0.007437709185570844
150.0,18,0.00669393826701376
120.0,17,0.006322052807735217
62.5,13,0.004834510970621049
99.75,9,0.00334696913350688
112.5,9,0.00334696913350688
66.5,8,0.0029750836742283376
37.5,7,0.0026031982149497955
193.0,5,0.001859427296392711
90.0,5,0.001859427296392711
20.0,5,0.001859427296392711
173.0,5,0.001859427296392711
38.0,4,0.0014875418371141688
30.0,4,0.0014875418371141688
53.2,4,0.0014875418371141688
199.5,3,0.0011156563778356265
117.3,3,0.0011156563778356265
36.0,3,0.0011156563778356265
87.5,3,0.0011156563778356265
625.0,3,0.0011156563778356265
77.5,2,0.0007437709185570844
93.75,2,0.0007437709185570844
125.0,2,0.0007437709185570844
180.0,2,0.0007437709185570844
53.0,2,0.0007437709185570844
200.0,2,0.0007437709185570844
97.5,2,0.0007437709185570844
79.8,2,0.0007437709185570844
22.5,1,0.0003718854592785422
56.25,1,0.0003718854592785422
78.75,1,0.0003718854592785422
76.0,1,0.0003718854592785422
74.0,1,0.0003718854592785422
45.0,1,0.0003718854592785422
72.0,1,0.0003718854592785422
27.0,1,0.0003718854592785422
25.0,1,0.0003718854592785422
70.0,1,0.0003718854592785422
140.0,1,0.0003718854592785422
130.0,1,0.0003718854592785422
93.0,1,0.0003718854592785422
131.25,1,0.0003718854592785422
303.5,1,0.0003718854592785422
55.5,1,0.0003718854592785422
129.8,1,0.0003718854592785422
156.0,1,0.0003718854592785422
10.0,1,0.0003718854592785422
104.0,1,0.0003718854592785422
9.4,1,0.0003718854592785422
79.80000000000001,1,0.0003718854592785422
160.0,1,0.0003718854592785422
128.6,1,0.0003718854592785422
115.5,1,0.0003718854592785422
179.7,1,0.0003718854592785422
33.0,1,0.0003718854592785422
87.0,1,0.0003718854592785422
110.0,1,0.0003718854592785422
33.25,1,0.0003718854592785422
95.75,1,0.0003718854592785422
88.7,1,0.0003718854592785422
