value,count,ratio
0.0,2336,0.8687244328746746
1.0,160,0.05950167348456675
3.0,100,0.03718854592785422
2.0,93,0.034585347712904425
