value,count,ratio
0.0,2512,0.9341762737076981
1.0,96,0.03570100409074005
2.0,43,0.015991074748977315
3.0,38,0.014131647452584604
