value,count,ratio
3.0,1500,0.5578281889178133
1.0,601,0.22350316102640386
2.0,568,0.21123094087021196
4.0,16,0.005950167348456675
0.0,4,0.0014875418371141688
