value,count,ratio
0.0,2663,0.9903309780587579
1.0,17,0.006322052807735217
2.0,8,0.0029750836742283376
3.0,1,0.0003718854592785422
