Value,count,ratio
2023,798,0.29676459650427667
2024,1082,0.40238006693938266
2025,701,0.2606917069542581
2026,108,0.04016362960208256
