Score,count,ratio
0,9910,0.9406739439962032
1,315,0.029900332225913623
2,157,0.014902705268153774
3,153,0.014523018509729473
