Score,count,ratio
0,13,0.0012340991076514145
1,1194,0.11334725650275299
2,1279,0.12141636605278147
3,7744,0.7351433453578887
4,303,0.028764002278336816
20,1,9.493070058857034e-05
