Block Drug,count,ratio
Ropivacaine,560,0.20825585719598363
Liposomal Bupivacaine,160,0.05950167348456675
Bupivacaine,78,0.02900706582372629
