Analgesia Mode,count,ratio
PCIA,2279,0.8475269616957977
PCEA,39,0.014503532911863145
PCNA,18,0.00669393826701376
PICA,11,0.004090740052063964
