Month,count,ratio
1,217,0.08069914466344366
2,151,0.056154704351059875
3,179,0.06656749721085906
4,250,0.09297136481963555
5,237,0.0881368538490145
6,231,0.08590554109334325
7,297,0.11044998140572704
8,215,0.07995537374488658
9,209,0.07772406098921532
10,209,0.07772406098921532
11,256,0.0952026775753068
12,238,0.08850873930829305
