value,count,ratio
0.0,1715,0.6377835626626999
1.0,974,0.36221643733730013
