value,count,ratio
0,2593,0.9642989959092599
1,96,0.03570100409074005
