value,count,ratio
0,2302,0.8560803272592041
1,387,0.14391967274079584
