value,count,ratio
0,2260,0.8404611379695054
1,429,0.1595388620304946
