value,count,ratio
0,2526,0.9393826701375976
1,163,0.06061732986240238
