value,count,ratio
0,2567,0.9546299739680179
1,122,0.04537002603198215
