value,count,ratio
0,2517,0.9360357010040907
1,172,0.06396429899590926
