value,count,ratio
1,1393,0.5180364447750093
0,1296,0.4819635552249907
