value,count,ratio
0,2116,0.7869096318333954
1,573,0.21309036816660468
