value,count,ratio
0,2220,0.8255857195983637
1,469,0.17441428040163628
