value,count,ratio
0,2671,0.9933060617329862
1,18,0.00669393826701376
