value,count,ratio
1,1376,0.5117143919672741
0,1313,0.4882856080327259
