value,count,ratio
1,2144,0.7973224246931945
0,545,0.2026775753068055
