value,count,ratio
0,2401,0.8928969877277798
1,288,0.10710301227222016
