value,count,ratio
0,2129,0.7917441428040164
1,560,0.20825585719598363
