value,count,ratio
0,2611,0.9709929341762737
1,78,0.02900706582372629
