value,count,ratio
3.0,2433,0.9047973224246932
4.0,186,0.06917069542580885
1.0,37,0.013759761993306061
2.0,32,0.01190033469691335
0.0,1,0.0003718854592785422
