value,count,ratio
3.0,2312,0.8597991818519896
2.0,161,0.059873558943845294
1.0,135,0.050204537002603196
4.0,77,0.02863518036444775
0.0,4,0.0014875418371141688
