value,count,ratio
1.0,2660,0.9892153216809223
2.0,17,0.006322052807735217
3.0,6,0.002231312755671253
0.0,4,0.0014875418371141688
5.0,2,0.0007437709185570844
