value,count,ratio
0.0,2620,0.9743399033097806
1.0,42,0.015619189289698772
3.0,14,0.005206396429899591
2.0,13,0.004834510970621049
