Value,count,ratio
0.0,2676,0.995165489029379
5.0,4,0.0014875418371141688
10.0,4,0.0014875418371141688
20.0,5,0.001859427296392711
