Score,count,ratio
0,10,0.0009490367277213628
1,10137,0.9620385308911454
2,315,0.029894656923222927
3,29,0.0027522065103919523
4,7,0.000664325709404954
5,39,0.003701243238113315
