target,class_0_label,class_1_label,p_true_low_pred_low,p_true_low_pred_high,p_true_high_pred_low,p_true_high_pred_high,count_true_low_pred_low,count_true_low_pred_high,count_true_high_pred_low,count_true_high_pred_high,auc,accuracy,precision,recall,specificity,fpr,f1,log_loss,brier
POD3_RestPain,Class 0 (0-3),Class 1 (4-10),0.9780439121756487,0.021956087824351298,1.0,0.0,490,11,3,0,0.530938123752495,0.9722222222222222,0.0,0.0,0.9780439121756487,0.021956087824351298,0.0,0.25207653547515746,0.06262987117505465
POD3_MovementPain,Class 0 (0-3),Class 1 (4-10),0.7838383838383839,0.21616161616161617,0.6666666666666666,0.3333333333333333,388,107,6,3,0.6855218855218855,0.7757936507936508,0.02727272727272727,0.3333333333333333,0.7838383838383839,0.21616161616161617,0.05042016806722689,0.9674538047952583,0.26222551365798774
POD3_SedationScore,Class 0 (1-2),Class 1 (3-5),0.9880478087649402,0.01195219123505976,1.0,0.0,496,6,1,0,0.9840637450199203,0.9860834990059643,0.0,0.0,0.9880478087649402,0.01195219123505976,0.0,0.024274513052347402,0.007295779431505811
POD3_ActivityStatus,Class 0 (1-2),Class 1 (3-4),0.8680851063829788,0.13191489361702127,0.2936802973977695,0.7063197026022305,204,31,79,190,0.8590840781460096,0.7817460317460317,0.8597285067873304,0.7063197026022305,0.8680851063829788,0.13191489361702127,0.7755102040816326,0.4701811075911598,0.14704273660822387
POD3_NauseaVomiting,Class 0 (0-1),Class 1 (2-3),0.9940119760479041,0.005988023952095809,1.0,0.0,498,3,2,0,0.6706586826347305,0.9900596421471173,0.0,0.0,0.9940119760479041,0.005988023952095809,0.0,0.07239875485199793,0.016394173722360784
