target,class_0_label,class_1_label,auc,accuracy,precision,recall,specificity,fpr,f1,log_loss,brier,tn,fp,fn,tp,n_total_non_missing,n_train,n_val,n_test,chosen_threshold,train_loss,p_true_low_pred_low,p_true_low_pred_high,p_true_high_pred_low,p_true_high_pred_high
POD3_RestPain,Class 0 (0-3),Class 1 (4-10),0.530938123752495,0.9722222222222222,0.0,0.0,0.9780439121756487,0.021956087824351298,0.0,0.25207653547515746,0.06262987117505465,490,11,3,0,2520,2016,403,504,0.94,0.15511476513010386,0.9780439121756487,0.021956087824351298,1.0,0.0
POD3_MovementPain,Class 0 (0-3),Class 1 (4-10),0.6855218855218855,0.7757936507936508,0.02727272727272727,0.3333333333333333,0.7838383838383839,0.21616161616161617,0.05042016806722689,0.9674538047952583,0.26222551365798774,388,107,6,3,2519,2015,403,504,0.8049999999999999,0.39790244640806016,0.7838383838383839,0.21616161616161617,0.6666666666666666,0.3333333333333333
POD3_SedationScore,Class 0 (1-2),Class 1 (3-5),0.9840637450199203,0.9860834990059643,0.0,0.0,0.9880478087649402,0.01195219123505976,0.0,0.024274513052347402,0.007295779431505811,496,6,1,0,2518,2015,403,503,0.35999999999999993,0.01581625181489729,0.9880478087649402,0.01195219123505976,1.0,0.0
POD3_ActivityStatus,Class 0 (1-2),Class 1 (3-4),0.8590840781460096,0.7817460317460317,0.8597285067873304,0.7063197026022305,0.8680851063829788,0.13191489361702127,0.7755102040816326,0.4701811075911598,0.14704273660822387,204,31,79,190,2518,2014,403,504,0.6499999999999999,0.4700880612982177,0.8680851063829788,0.13191489361702127,0.2936802973977695,0.7063197026022305
POD3_NauseaVomiting,Class 0 (0-1),Class 1 (2-3),0.6706586826347305,0.9900596421471173,0.0,0.0,0.9940119760479041,0.005988023952095809,0.0,0.07239875485199793,0.016394173722360784,498,3,2,0,2516,2013,402,503,0.8699999999999999,0.03221943233117095,0.9940119760479041,0.005988023952095809,1.0,0.0
