target,target_column,target_tier,class_0_label,class_1_label,auc,auprc,positive_rate,auprc_lift,accuracy,balanced_accuracy,precision,recall,specificity,fpr,f1,log_loss,brier,tn,fp,fn,tp,n_total_non_missing,n_train,n_val,n_test,chosen_threshold,train_loss,p_true_low_pred_low,p_true_low_pred_high,p_true_high_pred_low,p_true_high_pred_high
POD1_RestPain,术后第一天_静息痛,main,Class 0 (0-3),Class 1 (4-10),0.8166392993979201,0.23703558968587943,0.026119402985074626,9.075076862259385,0.9514925373134329,0.6970443349753694,0.25,0.42857142857142855,0.9655172413793104,0.034482758620689655,0.3157894736842105,0.29802674643810617,0.043651461329148544,252,9,4,3,2736,2200,268,268,0.5,0.018089753077273348,0.9655172413793104,0.034482758620689655,0.5714285714285714,0.42857142857142855
