target,target_column,target_tier,class_0_label,class_1_label,auc,auprc,positive_rate,auprc_lift,accuracy,balanced_accuracy,precision,recall,specificity,fpr,f1,log_loss,brier,tn,fp,fn,tp,n_total_non_missing,n_train,n_val,n_test,chosen_threshold,train_loss,p_true_low_pred_low,p_true_low_pred_high,p_true_high_pred_low,p_true_high_pred_high
POD1_RestPain,术后第一天_静息痛,main,Class 0 (0-3),Class 1 (4-10),0.7777777777777778,0.1338454292913496,0.026119402985074626,5.124367864297385,0.8731343283582089,0.7263273125342091,0.11428571428571428,0.5714285714285714,0.8812260536398467,0.11877394636015326,0.19047619047619044,0.5972908066717582,0.2059034922152885,230,31,3,4,2736,2200,268,268,0.71,0.47307860118328177,0.8812260536398467,0.11877394636015326,0.42857142857142855,0.5714285714285714
