{
  "n_samples": 2679,
  "n_features": 64,
  "train_size": 2143,
  "test_size": 536,
  "mae": 0.5345988805970149,
  "rmse": 0.8448368069695164,
  "r2": 0.41463043841920155
}