target,class_0_label,class_1_label,p_true_low_pred_low,p_true_low_pred_high,p_true_high_pred_low,p_true_high_pred_high,count_true_low_pred_low,count_true_low_pred_high,count_true_high_pred_low,count_true_high_pred_high,auc,accuracy,precision,recall,specificity,fpr,f1,log_loss,brier
POD3_RestPain,Class 0 (0-3),Class 1 (4-10),0.9920159680638723,0.007984031936127744,1.0,0.0,497,4,3,0,0.5296074517631404,0.9861111111111112,0.0,0.0,0.9920159680638723,0.007984031936127744,0.0,0.14532772673451283,0.0394338803200175
POD3_MovementPain,Class 0 (0-3),Class 1 (4-10),0.8181818181818182,0.18181818181818182,0.7777777777777778,0.2222222222222222,405,90,7,2,0.7048260381593715,0.8075396825396826,0.021739130434782608,0.2222222222222222,0.8181818181818182,0.18181818181818182,0.039603960396039604,0.4669899098509686,0.13858932383050163
POD3_SedationScore,Class 0 (1-2),Class 1 (3-5),0.9880478087649402,0.01195219123505976,1.0,0.0,496,6,1,0,0.9840637450199203,0.9860834990059643,0.0,0.0,0.9880478087649402,0.01195219123505976,0.0,0.024274513052347402,0.007295779431505811
POD3_ActivityStatus,Class 0 (1-2),Class 1 (3-4),0.8680851063829788,0.13191489361702127,0.2936802973977695,0.7063197026022305,204,31,79,190,0.8590840781460096,0.7817460317460317,0.8597285067873304,0.7063197026022305,0.8680851063829788,0.13191489361702127,0.7755102040816326,0.4701811075911598,0.14704273660822387
POD3_NauseaVomiting,Class 0 (0-1),Class 1 (2-3),0.9940119760479041,0.005988023952095809,1.0,0.0,498,3,2,0,0.6706586826347305,0.9900596421471173,0.0,0.0,0.9940119760479041,0.005988023952095809,0.0,0.07239875485199793,0.016394173722360784
