policy,calibration,mae,high_pain_mae,high_pain_bias,selection_score
mean,none,0.6477398145213555,3.511314551157404,-3.511314551157404,1.3500027247528366
q50,none,0.6301704988531738,3.4371670875514506,-3.4371670875514506,1.317603916363464
q60,none,0.6587818308342628,3.2645703603119878,-3.2645703603119878,1.3116959028966604
q70,none,0.7100156658696231,3.0682468453011182,-3.0682468453011182,1.3236650349298469
q60,isotonic,0.5910527968015468,3.4815613201802456,-3.4815613201802456,1.287365060837596
