bin_left,bin_right,count,ratio
0.0,20.833333333333332,1980,0.7363332093715136
20.833333333333332,41.666666666666664,60,0.022313127556712532
41.666666666666664,62.5,224,0.08330234287839346
62.5,83.33333333333333,203,0.07549274823354407
83.33333333333333,104.16666666666666,67,0.024916325771662327
104.16666666666666,125.0,31,0.011528449237634809
125.0,145.83333333333331,62,0.023056898475269618
145.83333333333331,166.66666666666666,20,0.007437709185570844
166.66666666666666,187.5,28,0.010412792859799182
187.5,208.33333333333331,10,0.003718854592785422
208.33333333333331,229.16666666666666,0,0.0
229.16666666666666,250.0,0,0.0
250.0,270.8333333333333,0,0.0
270.8333333333333,291.66666666666663,0,0.0
291.66666666666663,312.5,1,0.0003718854592785422
312.5,333.3333333333333,0,0.0
333.3333333333333,354.16666666666663,0,0.0
354.16666666666663,375.0,0,0.0
375.0,395.8333333333333,0,0.0
395.8333333333333,416.66666666666663,0,0.0
416.66666666666663,437.5,0,0.0
437.5,458.3333333333333,0,0.0
458.3333333333333,479.16666666666663,0,0.0
479.16666666666663,500.0,0,0.0
500.0,520.8333333333333,0,0.0
520.8333333333333,541.6666666666666,0,0.0
541.6666666666666,562.5,0,0.0
562.5,583.3333333333333,0,0.0
583.3333333333333,604.1666666666666,0,0.0
604.1666666666666,625.0,3,0.0011156563778356265
